Date,Sales
2018-01-01,3016.1336
2018-01-02,2612.6911
2018-01-03,1408.9626
2018-01-04,1601.8281
2018-01-05,3554.093
2018-01-06,2786.053
2018-01-07,1429.324
2018-01-08,949.8274
2018-01-09,3295.6587
2018-01-10,4640.5006
2018-01-11,3155.6308
2018-01-12,5624.5494
2018-01-13,3847.494
2018-01-14,6102.4616
2018-01-15,8805.4324
2018-01-16,9805.1869
2018-01-17,10131.8322
2018-01-18,10794.9793
2018-01-19,12210.3784
2018-01-20,11326.2065
2018-01-21,9472.8945
2018-01-22,11980.4681
2018-01-23,10270.1702
2018-01-24,10512.9301
2018-01-25,11397.3137
2018-01-26,13184.8717
2018-01-27,12245.6055
2018-01-28,13674.9766
2018-01-29,13064.4457
2018-01-30,14269.2753
2018-01-31,14547.8574
2018-02-01,17026.5976
2018-02-02,18700.1371
2018-02-03,21543.262
2018-02-04,22531.6077
2018-02-05,20896.0177
2018-02-06,19328.5326
2018-02-07,20821.2999
2018-02-08,19568.6758
2018-02-09,20483.9539
2018-02-10,18522.9398
2018-02-11,19256.257
2018-02-12,20730.2498
2018-02-13,23478.6993
2018-02-14,25930.3639
2018-02-15,25279.6756
2018-02-16,23773.078
2018-02-17,25002.8556
2018-02-18,25211.5448
2018-02-19,28162.4638
2018-02-20,26797.9023
2018-02-21,27274.6367
2018-02-22,27477.4701
2018-02-23,26779.1495
2018-02-24,26551.9914
2018-02-25,24806.858
2018-02-26,23630.0862
2018-02-27,22492.5826
2018-02-28,25127.8174
2018-03-01,27972.51
2018-03-02,26744.8479
2018-03-03,29578.3264
2018-03-04,32454.5081
2018-03-05,31323.4401
2018-03-06,31651.6456
2018-03-07,33877.2336
2018-03-08,34920.7913
2018-03-09,33120.9127
2018-03-10,35597.2511
2018-03-11,33979.1159
2018-03-12,35357.6336
2018-03-13,37942.1095
2018-03-14,39046.9447
2018-03-15,37471.2767
2018-03-16,38619.4581
2018-03-17,37195.111
2018-03-18,35856.3217
2018-03-19,35825.501
2018-03-20,37249.2336
2018-03-21,37462.8229
2018-03-22,39722.1023
2018-03-23,39928.5069
2018-03-24,39900.0852
2018-03-25,41982.4511
2018-03-26,41574.04
2018-03-27,41157.1662
2018-03-28,42144.8091
2018-03-29,41870.9759
2018-03-30,42700.203
2018-03-31,41655.8586
2018-04-01,43749.984
2018-04-02,46360.3472
2018-04-03,46801.2501
2018-04-04,48525.7434
2018-04-05,50450.3205
2018-04-06,52149.6373
2018-04-07,51448.816
2018-04-08,51388.7243
2018-04-09,50221.216
2018-04-10,52603.7412
2018-04-11,52741.1404
2018-04-12,50815.416
2018-04-13,51007.8081
2018-04-14,51645.0905
2018-04-15,53739.3977
2018-04-16,56535.0888
2018-04-17,54612.4231
2018-04-18,57449.2073
2018-04-19,56982.4455
2018-04-20,58446.8679
2018-04-21,60385.5968
2018-04-22,63120.824
2018-04-23,62352.1019
2018-04-24,65046.9004
2018-04-25,65870.4865
2018-04-26,68652.1514
2018-04-27,67327.6843
2018-04-28,66228.498
2018-04-29,66350.1479
2018-04-30,65840.1463
2018-05-01,65328.2806
2018-05-02,67073.8916
2018-05-03,69510.8792
2018-05-04,69133.6083
2018-05-05,70727.4247
2018-05-06,73182.0227
2018-05-07,74333.4501
2018-05-08,75326.2929
2018-05-09,74120.8453
2018-05-10,73277.3591
2018-05-11,71578.551
2018-05-12,70243.5111
2018-05-13,68463.7195
2018-05-14,69391.0642
2018-05-15,68369.4054
2018-05-16,71338.7436
2018-05-17,70435.4003
2018-05-18,71481.072
2018-05-19,70853.541
2018-05-20,73851.0393
2018-05-21,72056.3526
2018-05-22,70652.6306
2018-05-23,72070.8064
2018-05-24,72435.1726
2018-05-25,72478.9045
2018-05-26,70714.4975
2018-05-27,72020.7268
2018-05-28,73928.6094
2018-05-29,73403.9465
2018-05-30,75778.3175
2018-05-31,77324.0391
2018-06-01,79104.6171
2018-06-02,80254.4227
2018-06-03,81588.9688
2018-06-04,83549.4648
2018-06-05,82998.1302
2018-06-06,84659.4045
2018-06-07,86508.2622
2018-06-08,87443.9101
2018-06-09,88890.586
2018-06-10,89427.0957
2018-06-11,91817.8105
2018-06-12,93284.5063
2018-06-13,95578.715
2018-06-14,93488.6118
2018-06-15,95939.8655
2018-06-16,96742.5397
2018-06-17,96367.934
2018-06-18,98335.9324
2018-06-19,100861.2326
2018-06-20,103128.1366
2018-06-21,103441.7753
2018-06-22,103630.8932
2018-06-23,101614.2952
2018-06-24,102098.4326
2018-06-25,104622.9939
2018-06-26,105584.465
2018-06-27,104167.1456
2018-06-28,102943.6817
2018-06-29,104143.6311
2018-06-30,102918.7998
2018-07-01,104914.562
2018-07-02,104716.2644
2018-07-03,105858.0802
2018-07-04,104549.7282
2018-07-05,102923.8521
2018-07-06,105722.4723
2018-07-07,104043.899
2018-07-08,103294.5884
2018-07-09,106073.3488
2018-07-10,107396.5364
2018-07-11,106077.6759
2018-07-12,108552.0733
2018-07-13,111127.8791
2018-07-14,111158.7215
2018-07-15,113993.2285
2018-07-16,113877.5408
2018-07-17,114745.0879
2018-07-18,115013.8937
2018-07-19,116563.2362
2018-07-20,116113.4747
2018-07-21,117622.6401
2018-07-22,116133.0953
2018-07-23,115452.6853
2018-07-24,113420.9285
2018-07-25,113111.457
2018-07-26,115092.1611
2018-07-27,115187.4633
2018-07-28,115621.7174
2018-07-29,113752.6304
2018-07-30,114739.0286
2018-07-31,113033.9905
2018-08-01,113074.2887
2018-08-02,112003.2427
2018-08-03,112834.9948
2018-08-04,115090.2568
2018-08-05,114017.8894
2018-08-06,114836.1793
2018-08-07,113702.3845
2018-08-08,115414.04
2018-08-09,114117.4136
2018-08-10,113743.0697
2018-08-11,112064.3016
2018-08-12,114810.019
2018-08-13,115486.9754
2018-08-14,114149.1447
2018-08-15,114882.3925
2018-08-16,117562.2019
2018-08-17,119432.9467
2018-08-18,120094.9134
2018-08-19,121427.6251
2018-08-20,123927.5709
2018-08-21,125804.2635
2018-08-22,126965.9177
2018-08-23,129301.1382
2018-08-24,131374.0672
2018-08-25,129733.57
2018-08-26,129177.5462
2018-08-27,127395.4054
2018-08-28,128384.8023
2018-08-29,128866.4357
2018-08-30,131091.7241
2018-08-31,131764.6696
2018-09-01,134062.9309
2018-09-02,133586.724
2018-09-03,135838.3515
2018-09-04,137426.2745
2018-09-05,139501.1804
2018-09-06,139609.9974
2018-09-07,140561.6403
2018-09-08,141634.4169
2018-09-09,142777.1951
2018-09-10,143669.3312
2018-09-11,144012.7663
2018-09-12,142626.9576
2018-09-13,143239.603
2018-09-14,141962.8907
2018-09-15,141830.0761
2018-09-16,142130.5631
2018-09-17,143867.8009
2018-09-18,144839.3278
2018-09-19,144604.8854
2018-09-20,143138.3283
2018-09-21,141507.6364
2018-09-22,141318.0018
2018-09-23,140671.702
2018-09-24,142663.3898
2018-09-25,141594.9665
2018-09-26,142660.5791
2018-09-27,142832.268
2018-09-28,145598.0191
2018-09-29,144560.7361
2018-09-30,145743.5407
2018-10-01,148704.1282
2018-10-02,150790.4789
2018-10-03,150228.3353
2018-10-04,150880.4985
2018-10-05,151598.1248
2018-10-06,151728.9653
2018-10-07,153266.5014
2018-10-08,153740.8349
2018-10-09,151712.5811
2018-10-10,154021.3513
2018-10-11,156325.4859
2018-10-12,158834.4815
2018-10-13,158564.9877
2018-10-14,161549.3188
2018-10-15,163794.0664
2018-10-16,161902.5981
2018-10-17,161189.5572
2018-10-18,160095.802
2018-10-19,158843.0964
2018-10-20,158169.9617
2018-10-21,159815.8437
2018-10-22,160527.4827
2018-10-23,162628.7143
2018-10-24,162387.3018
2018-10-25,160479.6756
2018-10-26,159606.5163
2018-10-27,159867.3965
2018-10-28,159361.9884
2018-10-29,160480.8999
2018-10-30,160433.0476
2018-10-31,159606.0222
2018-11-01,158341.2379
2018-11-02,161111.7636
2018-11-03,163146.7147
2018-11-04,162911.4767
2018-11-05,163248.7571
2018-11-06,165999.9458
2018-11-07,164218.6596
2018-11-08,166282.9662
2018-11-09,167892.6921
2018-11-10,170550.9575
2018-11-11,171098.0847
2018-11-12,170323.7372
2018-11-13,172663.0479
2018-11-14,173383.714
2018-11-15,173068.9697
2018-11-16,172930.9464
2018-11-17,171378.9338
2018-11-18,171170.2263
2018-11-19,172149.6309
2018-11-20,172061.0148
2018-11-21,170697.8862
2018-11-22,171970.4845
2018-11-23,174139.1396
2018-11-24,176881.4985
2018-11-25,179078.1814
2018-11-26,181105.1269
2018-11-27,183693.3711
2018-11-28,181965.6676
2018-11-29,183039.9077
2018-11-30,186035.5446
2018-12-01,186348.467
2018-12-02,188635.6596
2018-12-03,189182.1221
2018-12-04,190834.7152
2018-12-05,192370.065
2018-12-06,194318.3106
2018-12-07,192431.8434
2018-12-08,193097.965
2018-12-09,194777.6631
2018-12-10,195566.0445
2018-12-11,197499.8745
2018-12-12,197412.2673
2018-12-13,195871.173
2018-12-14,195585.9625
2018-12-15,195345.9566
2018-12-16,194123.3168
2018-12-17,193588.2797
2018-12-18,193964.1043
2018-12-19,196286.9903
2018-12-20,194942.8968
2018-12-21,196532.5051
2018-12-22,194933.9736
2018-12-23,197807.5779
2018-12-24,200349.7788
2018-12-25,202939.1639
2018-12-26,202097.9533
2018-12-27,200735.9018
2018-12-28,202780.8076
2018-12-29,202655.9193
2018-12-30,201107.7046
2018-12-31,201884.8692
2019-01-01,202801.3939
2019-01-02,205521.6219
2019-01-03,204659.1731
2019-01-04,204691.6351
2019-01-05,204519.0611
2019-01-06,202931.6732
2019-01-07,204049.4582
2019-01-08,205727.403
2019-01-09,206771.591
2019-01-10,204677.4043
2019-01-11,205424.5853
2019-01-12,203907.4154
2019-01-13,204977.0063
2019-01-14,207365.1259
2019-01-15,208869.8085
2019-01-16,208625.475
2019-01-17,208889.4151
2019-01-18,211819.0421
2019-01-19,213206.6275
2019-01-20,213495.3097
2019-01-21,215342.1495
2019-01-22,216886.65
2019-01-23,217210.4035
2019-01-24,219866.508
2019-01-25,219466.8572
2019-01-26,217954.2003
2019-01-27,215969.844
2019-01-28,218808.2912
2019-01-29,217281.5557
2019-01-30,216521.9155
2019-01-31,217509.7172
2019-02-01,217752.4652
2019-02-02,216824.6332
2019-02-03,219574.1249
2019-02-04,217617.0903
2019-02-05,217618.9851
2019-02-06,220350.7379
2019-02-07,222315.6949
2019-02-08,224990.8881
2019-02-09,225022.6165
2019-02-10,225029.3916
2019-02-11,227170.9613
2019-02-12,228101.6325
2019-02-13,230514.2764
2019-02-14,229460.2352
2019-02-15,231637.8705
2019-02-16,232066.1375
2019-02-17,232100.8682
2019-02-18,233989.0968
2019-02-19,233800.9218
2019-02-20,233994.7292
2019-02-21,235889.884
2019-02-22,234122.3968
2019-02-23,234221.5373
2019-02-24,234840.3719
2019-02-25,233514.5401
2019-02-26,235006.7285
2019-02-27,233557.4985
2019-02-28,234456.7067
2019-03-01,236670.4082
2019-03-02,238575.3649
2019-03-03,238817.0465
2019-03-04,241260.4009
2019-03-05,239539.1515
2019-03-06,240652.8332
2019-03-07,240826.7087
2019-03-08,243656.2858
2019-03-09,242310.4539
2019-03-10,240661.4352
2019-03-11,241601.1018
2019-03-12,244084.3888
2019-03-13,244162.1079
2019-03-14,243962.8556
2019-03-15,242737.1116
2019-03-16,244132.0052
2019-03-17,246819.4524
2019-03-18,249398.0547
2019-03-19,248562.5744
2019-03-20,248349.7053
2019-03-21,249491.1992
2019-03-22,252207.8523
2019-03-23,251053.6367
2019-03-24,249521.0794
2019-03-25,248556.3117
2019-03-26,250005.2342
2019-03-27,250951.3343
2019-03-28,251363.5047
2019-03-29,251548.3323
2019-03-30,250490.5413
2019-03-31,249871.824
2019-04-01,249137.3377
2019-04-02,252055.2603
2019-04-03,253195.4816
2019-04-04,253975.0999
2019-04-05,252940.7906
2019-04-06,253793.5239
2019-04-07,252403.3414
2019-04-08,251289.2299
2019-04-09,249337.101
2019-04-10,250814.0826
2019-04-11,251436.3282
2019-04-12,251782.8295
2019-04-13,254441.616
2019-04-14,256792.1562
2019-04-15,255721.4214
2019-04-16,257749.6939
2019-04-17,259215.9593
2019-04-18,260228.064
2019-04-19,262293.7832
2019-04-20,262323.0446
2019-04-21,263824.7481
2019-04-22,261977.2653
2019-04-23,263952.6724
2019-04-24,266470.5681
2019-04-25,267973.5033
2019-04-26,269596.7816
2019-04-27,270257.3732
2019-04-28,268563.7792
2019-04-29,271085.6621
2019-04-30,273003.4281
2019-05-01,275173.7147
2019-05-02,277606.6072
2019-05-03,280409.9886
2019-05-04,281151.9862
2019-05-05,280704.5742
2019-05-06,283509.4747
2019-05-07,285301.3581
2019-05-08,287659.9766
2019-05-09,285976.6974
2019-05-10,288766.4026
2019-05-11,291407.508
2019-05-12,294101.4522
2019-05-13,293125.8433
2019-05-14,294601.5533
2019-05-15,292725.2706
2019-05-16,291669.5565
2019-05-17,293929.8728
2019-05-18,293546.6461
2019-05-19,294408.1055
2019-05-20,293711.4529
2019-05-21,293908.704
2019-05-22,296481.5632
2019-05-23,298556.2359
2019-05-24,298425.854
2019-05-25,299485.4317
2019-05-26,298199.0105
2019-05-27,299824.4003
2019-05-28,299029.3405
2019-05-29,299205.1072
2019-05-30,297574.0837
2019-05-31,296015.7708
2019-06-01,295933.9958
2019-06-02,295380.7517
2019-06-03,296191.3808
2019-06-04,294492.5858
2019-06-05,297429.9883
2019-06-06,299341.7652
2019-06-07,300138.411
2019-06-08,302408.3276
2019-06-09,304558.9477
2019-06-10,302858.4344
2019-06-11,301493.75
2019-06-12,303338.1722
2019-06-13,306229.5504
2019-06-14,306466.8972
2019-06-15,305715.7819
2019-06-16,306222.1098
2019-06-17,307923.4742
2019-06-18,307615.806
2019-06-19,308977.5811
2019-06-20,311168.4883
2019-06-21,311858.2032
2019-06-22,312921.6562
2019-06-23,313457.0156
2019-06-24,314182.4885
2019-06-25,314974.0949
2019-06-26,315533.6318
2019-06-27,315071.8699
2019-06-28,315348.7591
2019-06-29,318247.2594
2019-06-30,316486.1299
2019-07-01,318937.8562
2019-07-02,321401.0534
2019-07-03,321395.4012
2019-07-04,323916.8167
2019-07-05,324492.6986
2019-07-06,322890.1771
2019-07-07,324806.9698
2019-07-08,326595.2212
2019-07-09,325684.8135
2019-07-10,326712.049
2019-07-11,328707.8367
2019-07-12,328037.4236
2019-07-13,330105.1044
2019-07-14,329297.2927
2019-07-15,328194.0633
2019-07-16,328471.7925
2019-07-17,330768.1128
2019-07-18,331871.5141
2019-07-19,331852.2759
2019-07-20,332751.9053
2019-07-21,330797.7606
2019-07-22,329051.7317
2019-07-23,328021.0683
2019-07-24,330995.9282
2019-07-25,333260.5594
2019-07-26,335089.0295
2019-07-27,333155.1984
2019-07-28,333971.5475
2019-07-29,331996.6676
2019-07-30,332426.2058
2019-07-31,332096.0786
2019-08-01,332967.2193
2019-08-02,331452.9372
2019-08-03,334340.8321
2019-08-04,334291.7966
2019-08-05,333072.9781
2019-08-06,332545.1684
2019-08-07,334678.6738
2019-08-08,335961.2198
2019-08-09,333998.7387
2019-08-10,335934.177
2019-08-11,334023.7095
2019-08-12,335251.3912
2019-08-13,336689.5145
2019-08-14,334780.4991
2019-08-15,336113.9692
2019-08-16,338555.484
2019-08-17,336866.7326
2019-08-18,338439.12
2019-08-19,339915.495
2019-08-20,342168.1927
2019-08-21,340365.3042
2019-08-22,339832.7053
2019-08-23,342162.1769
2019-08-24,340075.9704
2019-08-25,342029.6342
2019-08-26,340161.1767
2019-08-27,339491.3347
2019-08-28,338866.0029
2019-08-29,337477.5077
2019-08-30,340432.1216
2019-08-31,340706.5168
2019-09-01,342478.6807
2019-09-02,341487.3821
2019-09-03,342681.322
2019-09-04,344886.5888
2019-09-05,346486.3906
2019-09-06,345574.747
2019-09-07,344315.9785
2019-09-08,343431.8714
2019-09-09,342809.3753
2019-09-10,341986.8267
2019-09-11,340575.095
2019-09-12,343141.6278
2019-09-13,345845.416
2019-09-14,348229.1382
2019-09-15,347864.1171
2019-09-16,346632.5427
2019-09-17,345796.0071
2019-09-18,345521.9316
2019-09-19,347582.4105
2019-09-20,347537.3607
2019-09-21,346907.2469
2019-09-22,349076.0501
2019-09-23,347053.3363
2019-09-24,347725.2302
2019-09-25,350187.4234
2019-09-26,350392.8443
2019-09-27,353370.029
2019-09-28,354516.3313
2019-09-29,357428.0615
2019-09-30,356334.8555
2019-10-01,356228.6959
2019-10-02,354465.0207
2019-10-03,352502.3174
2019-10-04,353462.1529
2019-10-05,353181.0998
2019-10-06,354575.7229
2019-10-07,356138.0233
2019-10-08,356264.211
2019-10-09,355289.7033
2019-10-10,355105.8821
2019-10-11,355532.3729
2019-10-12,357351.0161
2019-10-13,359562.4398
2019-10-14,360866.6195
2019-10-15,362361.9903
2019-10-16,360825.2866
2019-10-17,362906.9346
2019-10-18,362382.1793
2019-10-19,363676.4052
2019-10-20,363667.9885
2019-10-21,363301.9642
2019-10-22,362448.8764
2019-10-23,364858.1382
2019-10-24,367848.1319
2019-10-25,366316.9201
2019-10-26,367962.3167
2019-10-27,367959.0893
2019-10-28,365913.4155
2019-10-29,366232.3497
2019-10-30,368067.178
2019-10-31,369146.7577
2019-11-01,370304.5813
2019-11-02,372932.5721
2019-11-03,373348.3353
2019-11-04,375425.7963
2019-11-05,377281.5594
2019-11-06,379959.8573
2019-11-07,381186.2237
2019-11-08,380247.5891
2019-11-09,381458.4992
2019-11-10,379870.7575
2019-11-11,380016.6971
2019-11-12,378543.5408
2019-11-13,378208.3568
2019-11-14,380015.4591
2019-11-15,382965.928
2019-11-16,382719.1624
2019-11-17,382863.8178
2019-11-18,382092.7173
2019-11-19,380957.3295
2019-11-20,383136.7484
2019-11-21,383450.2014
2019-11-22,386393.861
2019-11-23,388030.0621
2019-11-24,386049.8987
2019-11-25,387744.2966
2019-11-26,387821.4433
2019-11-27,386344.7509
2019-11-28,388012.4547
2019-11-29,387022.2562
2019-11-30,389846.8355
2019-12-01,389020.3312
2019-12-02,390266.2954
2019-12-03,391816.806
2019-12-04,391409.515
2019-12-05,391244.8763
2019-12-06,390605.216
2019-12-07,388898.3279
2019-12-08,390666.6649
2019-12-09,392042.6329
2019-12-10,393947.4306
2019-12-11,393263.9339
2019-12-12,395565.9155
2019-12-13,393667.119
2019-12-14,393502.9507
2019-12-15,392489.6973
2019-12-16,391456.9025
2019-12-17,390738.1946
2019-12-18,390163.395
2019-12-19,391550.3298
2019-12-20,392262.2672
2019-12-21,394399.7494
2019-12-22,393319.7283
2019-12-23,394657.9855
2019-12-24,395911.2658
2019-12-25,393960.4786
2019-12-26,395732.3749
2019-12-27,395497.645
2019-12-28,393947.8804
2019-12-29,392359.1396
2019-12-30,394305.3158
2019-12-31,393147.7778
2020-01-01,393635.438
2020-01-02,393693.6619
2020-01-03,394821.8797
2020-01-04,395476.277
2020-01-05,394804.7139
2020-01-06,395970.3658
2020-01-07,396809.7216
2020-01-08,397003.8948
2020-01-09,396233.8881
2020-01-10,399181.6468
2020-01-11,397121.3798
2020-01-12,395704.0618
2020-01-13,394967.6082
2020-01-14,396148.4196
2020-01-15,396854.1452
2020-01-16,394885.4512
2020-01-17,393322.3699
2020-01-18,393648.2954
2020-01-19,392456.438
2020-01-20,391118.7124
2020-01-21,389339.6291
2020-01-22,390647.0076
2020-01-23,388652.5772
2020-01-24,388659.2937
2020-01-25,390923.9851
2020-01-26,390528.3846
2020-01-27,390611.5386
2020-01-28,390546.7225
2020-01-29,390436.9504
2020-01-30,388730.0549
2020-01-31,390034.9168
2020-02-01,390088.9066
2020-02-02,389131.2287
2020-02-03,389242.3538
2020-02-04,389849.7018
2020-02-05,389794.4778
2020-02-06,388013.0233
2020-02-07,389842.7009
2020-02-08,390546.2704
2020-02-09,392339.2221
2020-02-10,391322.8399
2020-02-11,392727.1892
2020-02-12,394284.3126
2020-02-13,392495.7755
2020-02-14,394353.2004
2020-02-15,394779.4008
2020-02-16,396605.5155
2020-02-17,396930.7324
2020-02-18,398667.8823
2020-02-19,397675.4857
2020-02-20,395608.4501
2020-02-21,394090.5824
2020-02-22,394279.9519
2020-02-23,392238.0697
2020-02-24,394711.6315
2020-02-25,397082.8222
2020-02-26,398355.7921
2020-02-27,399747.7195
2020-02-28,401030.6296
2020-02-29,401485.855
2020-03-01,404314.4127
2020-03-02,403134.2866
2020-03-03,402375.4358
2020-03-04,403503.6287
2020-03-05,405714.3325
2020-03-06,407513.77
2020-03-07,409717.0479
2020-03-08,409167.8611
2020-03-09,409430.9624
2020-03-10,408752.5801
2020-03-11,408877.4606
2020-03-12,409335.1354
2020-03-13,411502.3105
2020-03-14,412726.4998
2020-03-15,415568.0731
2020-03-16,417835.0619
2020-03-17,417332.3426
2020-03-18,418795.2055
2020-03-19,418087.3416
2020-03-20,417807.1163
2020-03-21,416117.7451
2020-03-22,415484.505
2020-03-23,414457.3866
2020-03-24,412873.723
2020-03-25,415255.3859
2020-03-26,415713.7076
2020-03-27,414421.4956
2020-03-28,416919.0184
2020-03-29,417799.352
2020-03-30,416437.4584
2020-03-31,416760.0853
2020-04-01,414755.805
2020-04-02,415174.4408
2020-04-03,417187.6767
2020-04-04,418762.0567
2020-04-05,420918.7382
2020-04-06,419983.1469
2020-04-07,421545.094
2020-04-08,420923.7899
2020-04-09,419347.6547
2020-04-10,420408.0405
2020-04-11,419448.8308
2020-04-12,418293.6062
2020-04-13,419917.4372
2020-04-14,420961.2408
2020-04-15,419303.1185
2020-04-16,417417.2777
2020-04-17,417825.8665
2020-04-18,417287.3739
2020-04-19,419368.6376
2020-04-20,417438.3497
2020-04-21,420044.2937
2020-04-22,422195.6663
2020-04-23,420836.1371
2020-04-24,420859.0009
2020-04-25,422285.4717
2020-04-26,420240.7369
2020-04-27,422341.6761
2020-04-28,422717.0375
2020-04-29,422131.4824
2020-04-30,420367.0305
2020-05-01,420836.3157
2020-05-02,419624.9108
2020-05-03,418078.1672
2020-05-04,417839.7753
2020-05-05,415794.7123
2020-05-06,416120.9696
2020-05-07,418563.451
2020-05-08,417316.6973
2020-05-09,419152.913
2020-05-10,417836.5783
2020-05-11,419504.5256
2020-05-12,420572.9272
2020-05-13,421466.1217
2020-05-14,421323.4556
2020-05-15,420699.8046
2020-05-16,420737.2113
2020-05-17,420755.9903
2020-05-18,418720.7674
2020-05-19,419653.3909
2020-05-20,418534.6052
2020-05-21,420207.1223
2020-05-22,422548.706
2020-05-23,421389.0009
2020-05-24,422196.7092
2020-05-25,423127.5769
2020-05-26,426109.3428
2020-05-27,424897.8369
2020-05-28,424206.752
2020-05-29,426197.7144
2020-05-30,425607.5093
2020-05-31,424378.1852
2020-06-01,427248.7667
2020-06-02,429118.9573
2020-06-03,431942.2718
2020-06-04,430474.5916
2020-06-05,431964.9276
2020-06-06,431511.9127
2020-06-07,432115.2183
2020-06-08,433937.5824
2020-06-09,433620.4067
2020-06-10,433881.7763
2020-06-11,432824.0063
2020-06-12,434042.3668
2020-06-13,435999.7934
2020-06-14,436279.175
2020-06-15,438971.165
2020-06-16,440180.699
2020-06-17,439754.6573
2020-06-18,442010.1108
2020-06-19,443550.2543
2020-06-20,441932.1836
2020-06-21,442636.4704
2020-06-22,441464.2781
2020-06-23,441556.4885
2020-06-24,439600.6867
2020-06-25,439102.6161
2020-06-26,439235.2297
2020-06-27,440089.9388
2020-06-28,440621.7911
2020-06-29,441017.3064
2020-06-30,442985.0626
2020-07-01,445451.6056
2020-07-02,443810.7337
2020-07-03,444713.5642
2020-07-04,445771.9038
2020-07-05,447376.2156
2020-07-06,448922.6283
2020-07-07,451351.8063
2020-07-08,451628.1418
2020-07-09,450056.8578
2020-07-10,448384.9951
2020-07-11,446816.9927
2020-07-12,448803.9436
2020-07-13,447907.7919
2020-07-14,449794.2861
2020-07-15,450923.1403
2020-07-16,449645.372
2020-07-17,451702.6589
2020-07-18,454139.7899
2020-07-19,454480.1683
2020-07-20,455941.8911
2020-07-21,454014.6683
2020-07-22,456336.589
2020-07-23,454441.2072
2020-07-24,455037.5876
2020-07-25,453242.5432
2020-07-26,454509.6516
2020-07-27,456278.231
2020-07-28,455975.7226
2020-07-29,457887.513
2020-07-30,460771.248
2020-07-31,461242.4751
2020-08-01,464028.0983
2020-08-02,463133.3955
2020-08-03,464784.3165
2020-08-04,464186.2819
2020-08-05,462359.0835
2020-08-06,460574.2133
2020-08-07,461247.8776
2020-08-08,460888.7947
2020-08-09,461778.9476
2020-08-10,461620.5296
2020-08-11,464385.5218
2020-08-12,464647.5176
2020-08-13,463689.7031
2020-08-14,463367.0159
2020-08-15,462971.5319
2020-08-16,463769.9829
2020-08-17,464932.7926
2020-08-18,464160.6846
2020-08-19,464581.0578
2020-08-20,465512.7649
2020-08-21,464275.9171
2020-08-22,465526.4123
2020-08-23,463739.7489
2020-08-24,462309.2456
2020-08-25,460506.6038
2020-08-26,462658.3045
2020-08-27,463623.8727
2020-08-28,464959.3326
2020-08-29,464506.6679
2020-08-30,463062.6275
2020-08-31,463112.8406
2020-09-01,462728.3061
2020-09-02,463621.7059
2020-09-03,462598.9443
2020-09-04,461408.2192
2020-09-05,462092.8504
2020-09-06,461843.9509
2020-09-07,462313.1227
2020-09-08,464778.0219
2020-09-09,466955.6702
2020-09-10,465541.4115
2020-09-11,464867.8995
2020-09-12,465170.4426
2020-09-13,466572.3401
2020-09-14,466028.5858
2020-09-15,467234.5053
2020-09-16,465515.6544
2020-09-17,467997.9577
2020-09-18,467001.3625
2020-09-19,468378.2948
2020-09-20,469610.2904
2020-09-21,471809.0304
2020-09-22,474538.6503
2020-09-23,473248.6115
2020-09-24,474140.3892
2020-09-25,474383.3761
2020-09-26,476643.3579
2020-09-27,475107.9731
2020-09-28,475642.0949
2020-09-29,476723.9005
2020-09-30,477717.6472
2020-10-01,478645.4557
2020-10-02,476580.0079
2020-10-03,474908.8908
2020-10-04,472890.2984
2020-10-05,475675.005
2020-10-06,474717.9026
2020-10-07,474821.8417
2020-10-08,475426.1839
2020-10-09,477231.8044
2020-10-10,475880.0689
2020-10-11,476205.5477
2020-10-12,478530.8021
2020-10-13,479146.2654
2020-10-14,477225.9926
2020-10-15,477004.1831
2020-10-16,476062.3311
2020-10-17,477157.8259
2020-10-18,476663.3308
2020-10-19,474865.7056
2020-10-20,477824.5593
2020-10-21,479956.6836
2020-10-22,481156.9238
2020-10-23,483298.3126
2020-10-24,485084.3034
2020-10-25,486728.8538
2020-10-26,488767.1899
2020-10-27,489993.122
2020-10-28,492455.3829
2020-10-29,491513.0742
2020-10-30,492265.385
2020-10-31,492543.3632
2020-11-01,493125.8497
2020-11-02,491476.5956
2020-11-03,493227.0898
2020-11-04,495503.9899
2020-11-05,494056.1292
2020-11-06,496115.7124
2020-11-07,498791.6807
2020-11-08,500501.0706
2020-11-09,500425.6965
2020-11-10,500079.1
2020-11-11,499880.305
2020-11-12,499995.524
2020-11-13,500423.0492
2020-11-14,500538.2575
2020-11-15,498989.7662
2020-11-16,498851.5751
2020-11-17,498102.147
2020-11-18,496786.9203
2020-11-19,496920.8944
2020-11-20,495919.1371
2020-11-21,496644.4648
2020-11-22,495435.5813
2020-11-23,495740.2076
2020-11-24,495529.4261
2020-11-25,498083.6819
2020-11-26,496663.6003
2020-11-27,498464.27
2020-11-28,500448.7244
2020-11-29,500516.9301
2020-11-30,500542.2236
2020-12-01,499066.9731
2020-12-02,500509.8908
2020-12-03,500467.6491
2020-12-04,499899.4302
2020-12-05,501667.8391
2020-12-06,503850.0117
2020-12-07,501914.39
2020-12-08,503715.6497
2020-12-09,504496.3008
2020-12-10,503658.9299
2020-12-11,504024.6714
2020-12-12,506161.8567
2020-12-13,504362.6581
2020-12-14,503699.8668
2020-12-15,501887.8651
2020-12-16,502311.1766
2020-12-17,501366.8803
2020-12-18,500077.2619
2020-12-19,499849.103
2020-12-20,502478.0352
2020-12-21,505340.7127
2020-12-22,503345.0298
2020-12-23,503632.0281
2020-12-24,504589.2732
2020-12-25,506382.4665
2020-12-26,509278.6558
2020-12-27,508350.1224
2020-12-28,511222.2931
2020-12-29,513626.195
2020-12-30,514212.6682
2020-12-31,514588.3375
2021-01-01,513054.1079
2021-01-02,513989.279
2021-01-03,515693.0217
2021-01-04,517879.9366
2021-01-05,520445.2618
2021-01-06,521501.0878
2021-01-07,522313.3559
2021-01-08,521242.8493
2021-01-09,521939.2443
2021-01-10,523902.5521
2021-01-11,525172.0601
2021-01-12,523487.2134
2021-01-13,521464.4497
2021-01-14,519541.0971
2021-01-15,520774.6169
2021-01-16,519739.9608
2021-01-17,521763.8223
2021-01-18,520057.3322
2021-01-19,519971.6135
2021-01-20,520462.4067
2021-01-21,520280.0762
2021-01-22,519020.6444
2021-01-23,518901.9291
2021-01-24,519636.8028
2021-01-25,521479.6572
2021-01-26,520261.8664
2021-01-27,519171.1934
2021-01-28,518826.3645
2021-01-29,518604.6517
2021-01-30,517741.5226
2021-01-31,516090.15
2021-02-01,517787.6395
2021-02-02,516009.4819
2021-02-03,517106.4412
2021-02-04,517736.1839
2021-02-05,517583.3611
2021-02-06,515882.8579
2021-02-07,518467.1997
2021-02-08,519296.6554
2021-02-09,518072.1585
2021-02-10,518385.929
2021-02-11,516491.6997
2021-02-12,515823.4951
2021-02-13,517869.4725
2021-02-14,519954.6008
2021-02-15,518754.8483
2021-02-16,520786.7769
2021-02-17,521636.2399
2021-02-18,519989.1928
2021-02-19,522100.8672
2021-02-20,524866.3413
2021-02-21,523498.1841
2021-02-22,522931.7263
2021-02-23,521656.2223
2021-02-24,519558.8991
2021-02-25,519631.8802
2021-02-26,518560.5307
2021-02-27,521258.1636
2021-02-28,520172.8489
2021-03-01,522821.2508
2021-03-02,523888.1295
2021-03-03,521802.3317
2021-03-04,519768.036
2021-03-05,518917.5547
2021-03-06,520980.4681
2021-03-07,521568.9106
2021-03-08,522809.3094
2021-03-09,521129.0212
2021-03-10,522558.6513
2021-03-11,520860.3996
2021-03-12,520536.3558
2021-03-13,520436.7114
2021-03-14,520884.5882
2021-03-15,519562.4566
2021-03-16,518061.942
2021-03-17,517581.2582
2021-03-18,518282.6263
2021-03-19,521250.2782
2021-03-20,520760.4674
2021-03-21,520255.8923
2021-03-22,521142.6703
2021-03-23,523782.3311
2021-03-24,523160.201
2021-03-25,524687.397
2021-03-26,527223.0658
2021-03-27,526567.8391
2021-03-28,527565.6944
2021-03-29,529383.4184
2021-03-30,528967.53
2021-03-31,529186.2822
2021-04-01,527806.1531
2021-04-02,525784.9816
2021-04-03,526255.1544
2021-04-04,526020.4802
2021-04-05,527982.4761
2021-04-06,529947.3798
2021-04-07,532787.0661
2021-04-08,531757.2875
2021-04-09,529765.5273
2021-04-10,532431.9397
2021-04-11,533992.4583
2021-04-12,535294.7573
2021-04-13,533642.1526
2021-04-14,534955.0607
2021-04-15,535440.7666
2021-04-16,535781.9496
2021-04-17,538678.6651
2021-04-18,536800.6288
2021-04-19,535397.3392
2021-04-20,538152.9353
2021-04-21,540150.831
2021-04-22,543112.03
2021-04-23,545343.9927
2021-04-24,544375.3299
2021-04-25,543614.8431
2021-04-26,545888.6105
2021-04-27,545953.4503
2021-04-28,545252.0454
2021-04-29,546689.4524
2021-04-30,548774.0628
2021-05-01,547064.2869
2021-05-02,547949.7153
2021-05-03,547118.6778
2021-05-04,546032.4446
2021-05-05,547344.3163
2021-05-06,548261.0596
2021-05-07,546191.6315
2021-05-08,549138.7617
2021-05-09,549173.8714
2021-05-10,551632.5369
2021-05-11,552720.1475
2021-05-12,551633.315
2021-05-13,553017.8943
2021-05-14,551008.1184
2021-05-15,550334.037
2021-05-16,552663.548
2021-05-17,551555.467
2021-05-18,549892.859
2021-05-19,548172.1219
2021-05-20,548181.7367
2021-05-21,548554.4069
2021-05-22,549362.654
2021-05-23,548500.9386
2021-05-24,549518.4336
2021-05-25,549538.0625
2021-05-26,548775.0314
2021-05-27,546701.4154
2021-05-28,546965.2594
2021-05-29,548768.214
2021-05-30,548565.7554
2021-05-31,548934.9338
2021-06-01,550050.4377
2021-06-02,549832.037
2021-06-03,548296.2808
2021-06-04,548408.0667
2021-06-05,549150.0233
2021-06-06,548071.2672
2021-06-07,548075.2004
2021-06-08,547481.657
2021-06-09,545913.4835
2021-06-10,548326.3241
2021-06-11,546792.0671
2021-06-12,544984.2666
2021-06-13,545124.394
2021-06-14,545753.3751
2021-06-15,546266.4931
2021-06-16,544678.8857
2021-06-17,543278.0397
2021-06-18,542400.5528
2021-06-19,542384.9943
2021-06-20,540690.1116
2021-06-21,542712.9831
2021-06-22,542459.2661
2021-06-23,542314.4843
2021-06-24,545233.8296
2021-06-25,546250.4317
2021-06-26,547103.0173
2021-06-27,545776.6033
2021-06-28,546069.2447
2021-06-29,544808.9778
2021-06-30,544902.082
2021-07-01,545168.8432
2021-07-02,544568.2089
2021-07-03,547537.7386
2021-07-04,550037.5092
2021-07-05,549397.8596
2021-07-06,550033.7443
2021-07-07,551936.2948
2021-07-08,554377.7668
2021-07-09,554507.66
2021-07-10,553963.1491
2021-07-11,552585.7517
2021-07-12,555452.7339
2021-07-13,555099.5466
2021-07-14,556365.5268
2021-07-15,557959.7333
2021-07-16,556683.6835
2021-07-17,557161.9232
2021-07-18,555886.6607
2021-07-19,555561.2799
2021-07-20,554474.0439
2021-07-21,553059.1854
2021-07-22,553226.8697
2021-07-23,553491.4202
2021-07-24,552379.0832
2021-07-25,554162.0203
2021-07-26,553254.1746
2021-07-27,554842.3601
2021-07-28,555228.0965
2021-07-29,557480.767
2021-07-30,557621.699
2021-07-31,556263.9081
2021-08-01,555341.2793
2021-08-02,556411.0236
2021-08-03,555976.261
2021-08-04,558567.4704
2021-08-05,558604.2119
2021-08-06,561331.0297
2021-08-07,562201.7865
2021-08-08,561512.11
2021-08-09,561139.1051
2021-08-10,559879.5718
2021-08-11,558575.517
2021-08-12,561574.7467
2021-08-13,559561.5351
2021-08-14,561297.9256
2021-08-15,560345.8918
2021-08-16,559020.3307
2021-08-17,556985.9907
2021-08-18,555650.3969
2021-08-19,557576.5935
2021-08-20,555729.4789
2021-08-21,556151.2933
2021-08-22,558151.668
2021-08-23,558541.3976
2021-08-24,560478.9534
2021-08-25,562138.1993
2021-08-26,564069.1298
2021-08-27,562432.5144
2021-08-28,561049.0641
2021-08-29,561424.5366
2021-08-30,562093.683
2021-08-31,562236.6752
2021-09-01,561664.9472
2021-09-02,559724.5953
2021-09-03,559673.9063
2021-09-04,558709.0617
2021-09-05,557902.4757
2021-09-06,556079.0115
2021-09-07,556040.4638
2021-09-08,554951.865
2021-09-09,554087.427
2021-09-10,553495.7309
2021-09-11,553651.0941
2021-09-12,554329.7315
2021-09-13,556562.4568
2021-09-14,555777.4122
2021-09-15,553872.3991
2021-09-16,554442.605
2021-09-17,554016.0579
2021-09-18,553238.3255
2021-09-19,555260.3047
2021-09-20,553352.3024
2021-09-21,554727.7018
2021-09-22,553443.6525
2021-09-23,554521.2154
2021-09-24,556096.0992
2021-09-25,557012.7779
2021-09-26,555234.0603
2021-09-27,558177.6574
2021-09-28,560503.0761
2021-09-29,562390.6773
2021-09-30,563823.3667
2021-10-01,562964.8844
2021-10-02,562396.1446
2021-10-03,562707.005
2021-10-04,563223.3206
2021-10-05,562221.5032
2021-10-06,563025.6066
2021-10-07,563587.5792
2021-10-08,561728.7987
2021-10-09,563714.792
2021-10-10,564360.6412
2021-10-11,567223.1954
2021-10-12,569535.6799
2021-10-13,569694.2526
2021-10-14,569643.3607
2021-10-15,571602.118
2021-10-16,572964.8589
2021-10-17,570963.7891
2021-10-18,571543.6999
2021-10-19,569827.6189
2021-10-20,572308.8888
2021-10-21,575151.7454
2021-10-22,575318.4093
2021-10-23,577606.7722
2021-10-24,579507.5036
2021-10-25,578573.2324
2021-10-26,579990.5575
2021-10-27,581348.256
2021-10-28,583755.4228
2021-10-29,586476.4056
2021-10-30,584909.402
2021-10-31,585776.7918
2021-11-01,585363.3457
2021-11-02,586576.0148
2021-11-03,588953.3482
2021-11-04,587624.3393
2021-11-05,589711.1677
2021-11-06,588183.3319
2021-11-07,587181.9136
2021-11-08,586534.6724
2021-11-09,589203.8502
2021-11-10,592200.9901
2021-11-11,592915.9608
2021-11-12,594139.3967
2021-11-13,594336.2642
2021-11-14,593040.0566
2021-11-15,592730.8783
2021-11-16,591987.1693
2021-11-17,593647.5291
2021-11-18,596233.858
2021-11-19,596257.3917
2021-11-20,594211.3388
2021-11-21,593104.2028
2021-11-22,595661.0135
2021-11-23,598247.3122
2021-11-24,598672.7142
2021-11-25,601219.3658
2021-11-26,601380.9841
2021-11-27,600780.5684
2021-11-28,599681.3974
2021-11-29,602231.5936
2021-11-30,603260.5212
2021-12-01,602771.4551
2021-12-02,601936.9381
2021-12-03,601068.2915
2021-12-04,599908.8238
2021-12-05,600206.5111
2021-12-06,600677.9073
2021-12-07,603383.8642
2021-12-08,605602.7687
2021-12-09,607670.6205
2021-12-10,608779.9451
2021-12-11,608307.3326
2021-12-12,608802.2333
2021-12-13,607541.6641
2021-12-14,609956.9345
2021-12-15,607912.7255
2021-12-16,606224.5115
2021-12-17,605522.4718
2021-12-18,606229.3981
2021-12-19,604336.566
2021-12-20,604325.7039
2021-12-21,604155.628
2021-12-22,603729.6014
2021-12-23,604024.8544
2021-12-24,606590.5123
2021-12-25,607612.1823
2021-12-26,610448.6515
2021-12-27,612086.4159
2021-12-28,610454.965
2021-12-29,610372.1251
2021-12-30,611502.1099
2021-12-31,612123.4821
2022-01-01,611087.442
2022-01-02,613722.7199
2022-01-03,612831.988
2022-01-04,611629.4228
2022-01-05,610041.4164
2022-01-06,611605.5305
2022-01-07,610092.4474
2022-01-08,608996.9433
2022-01-09,609468.4549
2022-01-10,607796.6201
2022-01-11,606792.2408
2022-01-12,607336.3677
2022-01-13,605647.5614
2022-01-14,605279.8358
2022-01-15,606650.4393
2022-01-16,605987.9255
2022-01-17,603957.4591
2022-01-18,604568.9102
2022-01-19,603337.0509
2022-01-20,601887.3165
2022-01-21,602941.8864
2022-01-22,602336.5777
2022-01-23,600876.6864
2022-01-24,601463.1876
2022-01-25,599392.9394
2022-01-26,600831.3778
2022-01-27,601453.9145
2022-01-28,601968.173
2022-01-29,601379.1548
2022-01-30,599711.5831
2022-01-31,600964.7503
2022-02-01,599468.0773
2022-02-02,600417.505
2022-02-03,600943.349
2022-02-04,602167.8873
2022-02-05,604921.4326
2022-02-06,605846.1338
2022-02-07,604703.334
2022-02-08,602769.4782
2022-02-09,601468.0998
2022-02-10,602225.064
2022-02-11,601484.7945
2022-02-12,601835.3713
2022-02-13,602236.9159
2022-02-14,603976.5935
2022-02-15,602902.4375
2022-02-16,605746.829
2022-02-17,604578.9409
2022-02-18,603955.9144
2022-02-19,604444.6098
2022-02-20,605660.7411
2022-02-21,607857.1572
2022-02-22,606325.4538
2022-02-23,605227.9178
2022-02-24,605361.739
2022-02-25,607939.4252
2022-02-26,607876.6672
2022-02-27,609163.0131
2022-02-28,608389.7777
2022-03-01,606359.4119
2022-03-02,605228.0812
2022-03-03,606614.5285
2022-03-04,607669.4318
2022-03-05,609935.2036
2022-03-06,612422.9647
2022-03-07,615013.645
2022-03-08,615615.5981
2022-03-09,617611.4974
2022-03-10,620502.2896
2022-03-11,621587.2732
2022-03-12,622258.6197
2022-03-13,624942.0358
2022-03-14,627248.8326
2022-03-15,628589.322
2022-03-16,626629.7825
2022-03-17,629445.8839
2022-03-18,629916.6431
2022-03-19,632613.1797
2022-03-20,631593.518
2022-03-21,632286.7919
2022-03-22,630258.7869
2022-03-23,628719.9814
2022-03-24,629245.3164
2022-03-25,628530.8816
2022-03-26,629772.1258
2022-03-27,629125.8664
2022-03-28,628874.3532
2022-03-29,630476.5169
2022-03-30,629925.1402
2022-03-31,629140.615
2022-04-01,630201.4633
2022-04-02,629732.6922
2022-04-03,628614.2354
2022-04-04,628770.5541
2022-04-05,630062.4175
2022-04-06,629074.2988
2022-04-07,628335.1996
2022-04-08,628999.7258
2022-04-09,630170.5046
2022-04-10,631063.673
2022-04-11,631796.1464
2022-04-12,630890.5005
2022-04-13,629546.6781
2022-04-14,631341.9753
2022-04-15,632221.5216
2022-04-16,630687.9274
2022-04-17,628732.5284
2022-04-18,629702.6893
2022-04-19,627913.8934
2022-04-20,626530.0502
2022-04-21,627584.7182
2022-04-22,627650.082
2022-04-23,626422.4823
2022-04-24,627349.9035
2022-04-25,627772.1954
2022-04-26,630670.5808
2022-04-27,628776.4854
2022-04-28,628564.8705
2022-04-29,629248.2507
2022-04-30,627766.5185
2022-05-01,629021.3743
2022-05-02,630038.1189
2022-05-03,629320.4338
2022-05-04,628592.9623
2022-05-05,626629.5669
2022-05-06,624823.0936
2022-05-07,623098.9091
2022-05-08,624718.3046
2022-05-09,624455.851
2022-05-10,624018.5677
2022-05-11,626202.2327
2022-05-12,624710.0575
2022-05-13,624679.2099
2022-05-14,623004.9726
2022-05-15,622591.1892
2022-05-16,624144.4864
2022-05-17,623186.674
2022-05-18,622085.0018
2022-05-19,622169.1646
2022-05-20,621860.5142
2022-05-21,622302.2313
2022-05-22,621047.8386
2022-05-23,621381.3681
2022-05-24,620702.5421
2022-05-25,620430.6946
2022-05-26,621119.4271
2022-05-27,623804.3707
2022-05-28,625611.8907
2022-05-29,627359.3007
2022-05-30,628812.2118
2022-05-31,627678.7745
2022-06-01,626541.4556
2022-06-02,629360.3429
2022-06-03,631754.9617
2022-06-04,630962.4377
2022-06-05,630123.1181
2022-06-06,630152.3166
2022-06-07,632186.2965
2022-06-08,632609.8626
2022-06-09,634247.59
2022-06-10,634083.9216
2022-06-11,634218.1213
2022-06-12,633064.9985
2022-06-13,633898.4349
2022-06-14,635381.7824
2022-06-15,636299.668
2022-06-16,636883.1475
2022-06-17,639749.5668
2022-06-18,637862.5192
2022-06-19,636151.6627
2022-06-20,636371.23
2022-06-21,639078.0111
2022-06-22,641435.0052
2022-06-23,642353.7753
2022-06-24,641788.3455
2022-06-25,641953.5319
2022-06-26,642444.0773
2022-06-27,642705.8669
2022-06-28,642070.8039
2022-06-29,640007.9152
2022-06-30,639697.638
2022-07-01,638732.4342
2022-07-02,639548.9233
2022-07-03,640198.8313
2022-07-04,640778.9707
2022-07-05,641780.808
2022-07-06,642988.2999
2022-07-07,643771.4424
2022-07-08,642071.3295
2022-07-09,644418.1061
2022-07-10,643599.7231
2022-07-11,642865.6657
2022-07-12,645088.7786
2022-07-13,646602.7691
2022-07-14,646796.0432
2022-07-15,645112.2588
2022-07-16,644196.5235
2022-07-17,643321.1046
2022-07-18,643480.279
2022-07-19,643776.1645
2022-07-20,645922.6851
2022-07-21,647008.123
2022-07-22,645988.547
2022-07-23,644926.0568
2022-07-24,644406.5743
2022-07-25,643810.4561
2022-07-26,642926.9748
2022-07-27,641308.3943
2022-07-28,640194.0261
2022-07-29,641614.5093
2022-07-30,641759.3193
2022-07-31,641233.5456
2022-08-01,640879.7632
2022-08-02,639281.6597
2022-08-03,638292.293
2022-08-04,637829.2193
2022-08-05,636804.5592
2022-08-06,639569.078
2022-08-07,642015.6505
2022-08-08,644052.3714
2022-08-09,642555.9722
2022-08-10,643227.5735
2022-08-11,645813.8993
2022-08-12,647191.5596
2022-08-13,648397.5485
2022-08-14,650114.0969
2022-08-15,649461.0067
2022-08-16,652040.7592
2022-08-17,653897.3507
2022-08-18,655546.6978
2022-08-19,656003.0549
2022-08-20,654926.2409
2022-08-21,654226.5773
2022-08-22,657184.8981
2022-08-23,657873.6441
2022-08-24,659234.3659
2022-08-25,661708.2004
2022-08-26,663973.3705
2022-08-27,664718.0626
2022-08-28,667473.8578
2022-08-29,665865.5736
2022-08-30,667638.8719
2022-08-31,667983.3648
2022-09-01,667549.4807
2022-09-02,666743.1381
2022-09-03,667913.433
2022-09-04,669569.7642
2022-09-05,671511.4943
2022-09-06,674469.36
2022-09-07,675925.1577
2022-09-08,677029.2602
2022-09-09,678149.6614
2022-09-10,677683.6028
2022-09-11,678507.9682
2022-09-12,677301.8268
2022-09-13,675787.7955
2022-09-14,678043.6815
2022-09-15,678495.4149
2022-09-16,677605.9245
2022-09-17,676042.3326
2022-09-18,677530.6128
2022-09-19,676346.5482
2022-09-20,677533.6741
2022-09-21,675914.9654
2022-09-22,675382.2519
2022-09-23,675932.9348
2022-09-24,676686.0979
2022-09-25,677594.0126
2022-09-26,679258.6017
2022-09-27,677309.9754
2022-09-28,676978.3866
2022-09-29,676364.6966
2022-09-30,675040.6503
2022-10-01,676432.0463
2022-10-02,678263.3701
2022-10-03,676869.9067
2022-10-04,675389.8655
2022-10-05,676522.3674
2022-10-06,678433.3048
2022-10-07,676961.5944
2022-10-08,679441.9805
2022-10-09,681464.3828
2022-10-10,682511.5743
2022-10-11,683935.1258
2022-10-12,684538.6777
2022-10-13,683769.4495
2022-10-14,683138.1049
2022-10-15,682760.3358
2022-10-16,682900.6889
2022-10-17,683452.1585
2022-10-18,684414.2958
2022-10-19,685771.4454
2022-10-20,683739.9075
2022-10-21,683442.8852
2022-10-22,685224.71
2022-10-23,684199.4672
2022-10-24,682769.2787
2022-10-25,681510.6546
2022-10-26,681777.2872
2022-10-27,681652.5451
2022-10-28,680986.9773
2022-10-29,683649.7322
2022-10-30,683508.2215
2022-10-31,684810.3231
2022-11-01,686830.2999
2022-11-02,689049.5414
2022-11-03,691941.5155
2022-11-04,692970.8383
2022-11-05,695836.4902
2022-11-06,694418.1271
2022-11-07,692684.7081
2022-11-08,692764.0856
2022-11-09,695000.3604
2022-11-10,694114.6208
2022-11-11,693098.0739
2022-11-12,691948.2568
2022-11-13,691142.4046
2022-11-14,693139.3797
2022-11-15,693264.3604
2022-11-16,695044.4797
2022-11-17,693901.819
2022-11-18,693649.299
2022-11-19,694865.6449
2022-11-20,693570.5043
2022-11-21,693114.3423
2022-11-22,693867.9383
2022-11-23,694531.4709
2022-11-24,693150.3244
2022-11-25,694040.8657
2022-11-26,693945.0471
2022-11-27,692000.0003
2022-11-28,690058.185
2022-11-29,688766.8204
2022-11-30,688251.4188
2022-12-01,688630.0012
2022-12-02,688269.8468
2022-12-03,689296.1914
2022-12-04,691957.0081
2022-12-05,689992.9409
2022-12-06,691089.254
2022-12-07,692890.1224
2022-12-08,692646.6408
2022-12-09,691014.2868
2022-12-10,689696.2811
2022-12-11,688831.2493
2022-12-12,688898.6062
2022-12-13,688883.9393
2022-12-14,690456.0677
2022-12-15,693062.0454
2022-12-16,695136.6252
2022-12-17,694837.4664
2022-12-18,695674.7943
2022-12-19,698188.6937
2022-12-20,697311.1826
2022-12-21,696487.5288
2022-12-22,695135.0925
2022-12-23,695093.5104
2022-12-24,696518.1996
2022-12-25,699261.9237
2022-12-26,699101.8827
2022-12-27,701729.7335
2022-12-28,700685.9333
2022-12-29,703060.6632
2022-12-30,701101.0276
2022-12-31,702439.1647